fir_id,date,day,station,location,ipc_sections,narrative,ground_truth_flag
KK-FIR-0012,2025-01-01,1,Vartak Nagar PS,"Vartak Nagar PS, Thane",Arms Act Sec 25 / 27,"Case Crime No. 0012/2025 at Vartak Nagar PS, Thane. Offence under Arms Act Sec 25 / 27. Complainant states that accused Hanif Kadam, Ravindra Thakur demanded money and threatened consequences. Possession and use of prohibited firearm. Statement recorded under BNSS Sec 180.",syndicate
KK-FIR-0059,2025-01-03,3,CBD Belapur PS,"CBD Belapur PS, Navi Mumbai",Arms Act Sec 25 / 27,"Case Crime No. 0059/2025 registered at CBD Belapur PS, Navi Mumbai. Charges under Arms Act Sec 25 / 27. Possession and use of prohibited firearm. Accused Hanif Kadam were identified during patrolling by the night beat. Primary accused was traced on mobile 9323000070.",syndicate
KK-FIR-0067,2025-01-04,4,Koregaon Park PS,"Koregaon Park PS, Pune",Arms Act Sec 25 / 27,"Case Crime No. 0067/2025 registered at Koregaon Park PS, Pune. Charges under Arms Act Sec 25 / 27. Possession and use of prohibited firearm. Accused Shabbir Kothari, Nitin Sayyed, Sunil Shaikh were identified during patrolling by the night beat. Primary accused was traced on mobile 8976000323.",local_crime
KK-FIR-0115,2025-01-05,5,Ratnagiri City PS,"Ratnagiri City PS, Ratnagiri",Customs Act 1962 Sec 135,"Case Crime No. 0115/2025 at Ratnagiri City PS, Ratnagiri. Offence under Customs Act 1962 Sec 135. Complainant states that accused Rafiq Desai, Sameer Doshi, Dnyaneshwar Salvi demanded money and threatened consequences. Evasion of duty and misdeclaration of consignment. Statement recorded under BNSS Sec 180.",syndicate
KK-FIR-0036,2025-01-08,8,Ratnagiri City PS,"Ratnagiri City PS, Ratnagiri",BNS 2023 Sec 109 (Attempt to Murder),"Case Crime No. 0036/2025 registered at Ratnagiri City PS, Ratnagiri on written complaint. BNS 2023 Sec 109 (Attempt to Murder) invoked. Firing upon a person with intent to cause death. Accused Javed Shah absconding; notice issued under BNSS Sec 35. Mobile 9860000201 is under technical surveillance.",local_crime
KK-FIR-0037,2025-01-11,11,LT Marg PS,"LT Marg PS, Mumbai City",PMLA 2002 Sec 3 r/w 4,"Case Crime No. 0037/2025 registered at LT Marg PS, Mumbai City. Charges under PMLA 2002 Sec 3 r/w 4. Projecting proceeds of crime as untainted. Accused Kishor Doshi, Yogesh Bhosale were identified during patrolling by the night beat. Primary accused was traced on mobile 9422000141.",local_crime
KK-FIR-0062,2025-01-11,11,Satpati Coastal PS,"Satpati Coastal PS, Palghar","MCOCA 1999 Sec 3(1)(ii), 3(2)","Case Crime No. 0062/2025 at Satpati Coastal PS, Palghar. Offence under MCOCA 1999 Sec 3(1)(ii), 3(2). Complainant states that accused Vilas Sawant demanded money and threatened consequences. Continuing unlawful activity by an organised crime syndicate. Statement recorded under BNSS Sec 180.",syndicate
KK-FIR-0057,2025-01-19,19,Bandra PS,"Bandra PS, Mumbai Suburban",Arms Act Sec 25 / 27,"Case Crime No. 0057/2025 registered at Bandra PS, Mumbai Suburban. Charges under Arms Act Sec 25 / 27. Possession and use of prohibited firearm. Accused Sachin Parekh, Sunil Bhandari, Anil Dalvi were identified during patrolling by the night beat. Primary accused was traced on mobile 9820000383.",local_crime
KK-FIR-0001,2025-01-20,20,Nhava Sheva Port PS,"Nhava Sheva Port PS, Raigad (Uran / JNPT)","NDPS Act Sec 21(c) r/w 23, 29; Customs Act 1962 Sec 135","Case Crime No. 0034/2025 registered at Nhava Sheva Port PS on 2025-01-20. On specific information, container MSKU-508734 declared as raw cashew kernel ex-Bandar Abbas was detained at JNPT Terminal 2. On examination in presence of panch witnesses, 48.6 kg of heroin was recovered concealed in the false flooring of the container. Customs House Agent Kishor Ansari (mobile 8655000005) filed the bill of entry on behalf of the importing firm. Consignment was booked for onward movement by Umesh Shaikh using vehicle MH-43-DK-2290. Accused Nilesh Khatib and Iqbal Naik are absconding. Seizure memo and NDPS sampling completed as per Sec 52A.",incident_a
KK-FIR-0009,2025-01-23,23,Ghatkopar PS,"Ghatkopar PS, Mumbai Suburban",PMLA 2002 Sec 3 r/w 4,"अपराध क्रमांक 0009/2025, थाना Ghatkopar PS, जिला Mumbai Suburban में पंजीकृत। अभियुक्त सचिन सावंत के विरुद्ध PMLA 2002 Sec 3 r/w 4 के अंतर्गत कार्यवाही की गई। सूचना के आधार पर उपनिरीक्षक द्वारा मौके पर जाकर विधिक कार्यवाही पूर्ण की गई। साक्षियों के समक्ष जब्ती पंचनामा तैयार किया गया।",hindi_fir
KK-FIR-0011,2025-01-23,23,Andheri PS,"Andheri PS, Mumbai Suburban",BNS 2023 Sec 61 (Criminal conspiracy),"Case Crime No. 0011/2025 registered at Andheri PS, Mumbai Suburban. Charges under BNS 2023 Sec 61 (Criminal conspiracy). Agreement to commit a scheduled offence. Accused Nilesh Parekh, Prakash Deshmukh were identified during patrolling by the night beat. Primary accused was traced on mobile 9422000024.",syndicate
KK-FIR-0071,2025-01-24,24,Satpati Coastal PS,"Satpati Coastal PS, Palghar",Arms Act Sec 25 / 27,"Case Crime No. 0071/2025 registered at Satpati Coastal PS, Palghar on written complaint. Arms Act Sec 25 / 27 invoked. Possession and use of prohibited firearm. Accused Rajan Zaveri absconding; notice issued under BNSS Sec 35. Mobile 9323000146 is under technical surveillance.",local_crime
KK-FIR-0090,2025-01-27,27,Bandra PS,"Bandra PS, Mumbai Suburban",Customs Act 1962 Sec 135,"Case Crime No. 0090/2025 registered at Bandra PS, Mumbai Suburban. Charges under Customs Act 1962 Sec 135. Evasion of duty and misdeclaration of consignment. Accused Arif Pawar were identified during patrolling by the night beat. Primary accused was traced on mobile 9820000363.",local_crime
KK-FIR-0092,2025-01-27,27,Kapurbawdi PS,"Kapurbawdi PS, Thane","NDPS Act Sec 21(c) r/w 23, 29","Case Crime No. 0092/2025 registered at Kapurbawdi PS, Thane on written complaint. NDPS Act Sec 21(c) r/w 23, 29 invoked. Commercial quantity narcotics, import and conspiracy. Accused Kishor Sawant, Sachin Momin, Paresh Thakur absconding; notice issued under BNSS Sec 35. Mobile 9833000054 is under technical surveillance.",syndicate
KK-FIR-0098,2025-01-27,27,Bandra PS,"Bandra PS, Mumbai Suburban","MCOCA 1999 Sec 3(1)(ii), 3(2)","Case Crime No. 0098/2025 at Bandra PS, Mumbai Suburban. Offence under MCOCA 1999 Sec 3(1)(ii), 3(2). Complainant states that accused Prakash Deshmukh demanded money and threatened consequences. Continuing unlawful activity by an organised crime syndicate. Statement recorded under BNSS Sec 180.",syndicate
KK-FIR-0046,2025-01-30,30,Rabodi PS,"Rabodi PS, Thane",Customs Act 1962 Sec 135,"Case Crime No. 0046/2025 registered at Rabodi PS, Thane. Charges under Customs Act 1962 Sec 135. Evasion of duty and misdeclaration of consignment. Accused Vinod Sayyed were identified during patrolling by the night beat. Primary accused was traced on mobile 9820000311.",local_crime
KK-FIR-0077,2025-02-02,33,Vartak Nagar PS,"Vartak Nagar PS, Thane",BNS 2023 Sec 109 (Attempt to Murder),"Case Crime No. 0077/2025 registered at Vartak Nagar PS, Thane on written complaint. BNS 2023 Sec 109 (Attempt to Murder) invoked. Firing upon a person with intent to cause death. Accused Deepak Bhandari, Sunil Rane absconding; notice issued under BNSS Sec 35. Mobile 8976000419 is under technical surveillance.",local_crime
KK-FIR-0078,2025-02-05,36,Nhava Sheva Port PS,"Nhava Sheva Port PS, Raigad (Uran / JNPT)",PMLA 2002 Sec 3 r/w 4,"Case Crime No. 0078/2025 registered at Nhava Sheva Port PS, Raigad (Uran / JNPT) on written complaint. PMLA 2002 Sec 3 r/w 4 invoked. Projecting proceeds of crime as untainted. Accused Rafiq Kulkarni, Nitin Ansari, Pravin Shaikh absconding; notice issued under BNSS Sec 35. Mobile 8976000328 is under technical surveillance.",local_crime
KK-FIR-0048,2025-02-07,38,Faraskhana PS,"Faraskhana PS, Pune",BNS 2023 Sec 61 (Criminal conspiracy),"Case Crime No. 0048/2025 registered at Faraskhana PS, Pune. Charges under BNS 2023 Sec 61 (Criminal conspiracy). Agreement to commit a scheduled offence. Accused Anil Thakur, Deepak Kadam, Prakash Shaikh were identified during patrolling by the night beat. Primary accused was traced on mobile 9833000077.",syndicate
KK-FIR-0095,2025-02-08,39,Bund Garden PS,"Bund Garden PS, Pune",BNS 2023 Sec 308 (Extortion),"Case Crime No. 0095/2025 at Bund Garden PS, Pune. Offence under BNS 2023 Sec 308 (Extortion). Complainant states that accused Vinod Mehta, Dnyaneshwar Parab demanded money and threatened consequences. Demand of protection money from traders. Statement recorded under BNSS Sec 180.",syndicate
KK-FIR-0118,2025-02-11,42,Dapoli PS,"Dapoli PS, Ratnagiri",BNS 2023 Sec 109 (Attempt to Murder),"Case Crime No. 0118/2025 at Dapoli PS, Ratnagiri. Offence under BNS 2023 Sec 109 (Attempt to Murder). Complainant states that accused Prakash Bhosale, Iqbal Patil demanded money and threatened consequences. Firing upon a person with intent to cause death. Statement recorded under BNSS Sec 180.",syndicate
KK-FIR-0097,2025-02-12,43,Guhagar PS,"Guhagar PS, Ratnagiri",Maharashtra Police Act Sec 122,"Case Crime No. 0097/2025 at Guhagar PS, Ratnagiri. Offence under Maharashtra Police Act Sec 122. Complainant states that accused Ashok Khatib demanded money and threatened consequences. Suspicious presence with intent to commit an offence. Statement recorded under BNSS Sec 180.",local_crime
KK-FIR-0104,2025-02-12,43,Satpati Coastal PS,"Satpati Coastal PS, Palghar","MCOCA 1999 Sec 3(1)(ii), 3(2)","Case Crime No. 0104/2025 registered at Satpati Coastal PS, Palghar. Charges under MCOCA 1999 Sec 3(1)(ii), 3(2). Continuing unlawful activity by an organised crime syndicate. Accused Santosh Sanghvi, Vilas Khatib, Balkrishna Shaikh were identified during patrolling by the night beat. Primary accused was traced on mobile 9167000007.",syndicate
KK-FIR-0109,2025-02-12,43,Vasai PS,"Vasai PS, Palghar",BNS 2023 Sec 61 (Criminal conspiracy),"Case Crime No. 0109/2025 registered at Vasai PS, Palghar. Charges under BNS 2023 Sec 61 (Criminal conspiracy). Agreement to commit a scheduled offence. Accused Santosh Jadhav, Hanif Koli, Rajan Sanghvi were identified during patrolling by the night beat. Primary accused was traced on mobile 8655000216.",syndicate
KK-FIR-0081,2025-02-15,46,Vashi PS,"Vashi PS, Navi Mumbai",Maharashtra Police Act Sec 122,"Case Crime No. 0081/2025 at Vashi PS, Navi Mumbai. Offence under Maharashtra Police Act Sec 122. Complainant states that accused Shabbir Shaikh, Pravin Kadam demanded money and threatened consequences. Suspicious presence with intent to commit an offence. Statement recorded under BNSS Sec 180.",syndicate
KK-FIR-0002,2025-02-17,48,Pydhonie PS,"Pydhonie PS, Mumbai City",PMLA 2002 Sec 3 r/w 4; BNS 2023 Sec 317; FEMA 1999,"Case Crime No. 0071/2025 registered at Pydhonie PS on 2025-02-17. During a joint operation at a jewellery godown off Zaveri Bazaar, Indian currency amounting to Rs 3,42,00,000 was recovered from three trunks along with two hawala tally books. Accused Dnyaneshwar Parab (mobile 9930000041) was found operating an angadia channel receiving cash from Uran and Vashi. Ledger entries carry the code word 'kaju' against receipts dated in February 2025. Accused Santosh Thakur and Sameer Doshi were apprehended on the spot; Ganesh Deshmukh is shown as absconding. Cash counted in presence of bank officials and seized under panchnama.",incident_b
KK-FIR-0005,2025-02-17,48,Nalasopara PS,"Nalasopara PS, Palghar",BNS 2023 Sec 317 (Stolen property),"अपराध क्रमांक 0005/2025, थाना Nalasopara PS, जिला Palghar में पंजीकृत। अभियुक्त संतोष शिंदे के विरुद्ध BNS 2023 Sec 317 (Stolen property) के अंतर्गत कार्यवाही की गई। सूचना के आधार पर उपनिरीक्षक द्वारा मौके पर जाकर विधिक कार्यवाही पूर्ण की गई। साक्षियों के समक्ष जब्ती पंचनामा तैयार किया गया।",hindi_fir
KK-FIR-0004,2025-02-20,51,Bund Garden PS,"Bund Garden PS, Pune","NDPS Act Sec 21(c) r/w 23, 29","अपराध क्रमांक 0004/2025, थाना Bund Garden PS, जिला Pune में पंजीकृत। अभियुक्त रवींद्र पाटील के विरुद्ध NDPS Act Sec 21(c) r/w 23, 29 के अंतर्गत कार्यवाही की गई। सूचना के आधार पर उपनिरीक्षक द्वारा मौके पर जाकर विधिक कार्यवाही पूर्ण की गई। साक्षियों के समक्ष जब्ती पंचनामा तैयार किया गया।",hindi_fir
KK-FIR-0021,2025-02-20,51,Nerul PS,"Nerul PS, Navi Mumbai",BNS 2023 Sec 61 (Criminal conspiracy),"Case Crime No. 0021/2025 at Nerul PS, Navi Mumbai. Offence under BNS 2023 Sec 61 (Criminal conspiracy). Complainant states that accused Nitin Parekh, Anil Koli, Vinod Thakur demanded money and threatened consequences. Agreement to commit a scheduled offence. Statement recorded under BNSS Sec 180.",local_crime
KK-FIR-0049,2025-02-22,53,Palghar PS,"Palghar PS, Palghar",BNS 2023 Sec 317 (Stolen property),"Case Crime No. 0049/2025 registered at Palghar PS, Palghar on written complaint. BNS 2023 Sec 317 (Stolen property) invoked. Receiving and concealing proceeds of crime. Accused Dnyaneshwar Bhandari, Pravin Kadam, Ashok Sayyed absconding; notice issued under BNSS Sec 35. Mobile 8976000065 is under technical surveillance.",syndicate
KK-FIR-0043,2025-02-26,57,Panvel Taluka PS,"Panvel Taluka PS, Raigad (Uran / JNPT)","MCOCA 1999 Sec 3(1)(ii), 3(2)","Case Crime No. 0043/2025 registered at Panvel Taluka PS, Raigad (Uran / JNPT) on written complaint. MCOCA 1999 Sec 3(1)(ii), 3(2) invoked. Continuing unlawful activity by an organised crime syndicate. Accused Sachin Naik, Javed Naik, Imtiaz Bhatkar absconding; notice issued under BNSS Sec 35. Mobile 9930000083 is under technical surveillance.",syndicate
KK-FIR-0063,2025-02-28,59,Wagle Estate PS,"Wagle Estate PS, Thane",Arms Act Sec 25 / 27,"Case Crime No. 0063/2025 at Wagle Estate PS, Thane. Offence under Arms Act Sec 25 / 27. Complainant states that accused Ashok Sayyed demanded money and threatened consequences. Possession and use of prohibited firearm. Statement recorded under BNSS Sec 180.",syndicate
KK-FIR-0024,2025-03-02,61,VP Road PS,"VP Road PS, Mumbai City",Arms Act Sec 25 / 27,"Case Crime No. 0024/2025 at VP Road PS, Mumbai City. Offence under Arms Act Sec 25 / 27. Complainant states that accused Pravin Koli, Dattatray Mehta demanded money and threatened consequences. Possession and use of prohibited firearm. Statement recorded under BNSS Sec 180.",syndicate
KK-FIR-0107,2025-03-02,61,Sakinaka PS,"Sakinaka PS, Mumbai Suburban",BNS 2023 Sec 317 (Stolen property),"Case Crime No. 0107/2025 at Sakinaka PS, Mumbai Suburban. Offence under BNS 2023 Sec 317 (Stolen property). Complainant states that accused Suhas Sanghvi demanded money and threatened consequences. Receiving and concealing proceeds of crime. Statement recorded under BNSS Sec 180.",syndicate
KK-FIR-0050,2025-03-03,62,Vartak Nagar PS,"Vartak Nagar PS, Thane",BNS 2023 Sec 317 (Stolen property),"Case Crime No. 0050/2025 at Vartak Nagar PS, Thane. Offence under BNS 2023 Sec 317 (Stolen property). Complainant states that accused Javed Ansari, Ashok Deshmukh demanded money and threatened consequences. Receiving and concealing proceeds of crime. Statement recorded under BNSS Sec 180.",local_crime
KK-FIR-0026,2025-03-05,64,Panvel Taluka PS,"Panvel Taluka PS, Raigad (Uran / JNPT)",BNS 2023 Sec 308 (Extortion),"Case Crime No. 0026/2025 at Panvel Taluka PS, Raigad (Uran / JNPT). Offence under BNS 2023 Sec 308 (Extortion). Complainant states that accused Nitin Shaikh demanded money and threatened consequences. Demand of protection money from traders. Statement recorded under BNSS Sec 180.",local_crime
KK-FIR-0068,2025-03-06,65,Nalasopara PS,"Nalasopara PS, Palghar",BNS 2023 Sec 61 (Criminal conspiracy),"Case Crime No. 0068/2025 registered at Nalasopara PS, Palghar. Charges under BNS 2023 Sec 61 (Criminal conspiracy). Agreement to commit a scheduled offence. Accused Hanif Gaikwad, Umesh Sawant were identified during patrolling by the night beat. Primary accused was traced on mobile 9833000281.",local_crime
KK-FIR-0072,2025-03-10,69,Faraskhana PS,"Faraskhana PS, Pune",BNS 2023 Sec 109 (Attempt to Murder),"Case Crime No. 0072/2025 at Faraskhana PS, Pune. Offence under BNS 2023 Sec 109 (Attempt to Murder). Complainant states that accused Nitin Jadhav demanded money and threatened consequences. Firing upon a person with intent to cause death. Statement recorded under BNSS Sec 180.",local_crime
KK-FIR-0093,2025-03-10,69,APMC PS,"APMC PS, Navi Mumbai",BNS 2023 Sec 61 (Criminal conspiracy),"Case Crime No. 0093/2025 at APMC PS, Navi Mumbai. Offence under BNS 2023 Sec 61 (Criminal conspiracy). Complainant states that accused Shirish Salvi, Mangesh Naik demanded money and threatened consequences. Agreement to commit a scheduled offence. Statement recorded under BNSS Sec 180.",syndicate
KK-FIR-0030,2025-03-12,71,MRA Marg PS,"MRA Marg PS, Mumbai City",Customs Act 1962 Sec 135,"Case Crime No. 0030/2025 registered at MRA Marg PS, Mumbai City on written complaint. Customs Act 1962 Sec 135 invoked. Evasion of duty and misdeclaration of consignment. Accused Santosh Sanghvi absconding; notice issued under BNSS Sec 35. Mobile 9167000007 is under technical surveillance.",syndicate
KK-FIR-0073,2025-03-14,73,Wagle Estate PS,"Wagle Estate PS, Thane",Arms Act Sec 25 / 27,"Case Crime No. 0073/2025 registered at Wagle Estate PS, Thane. Charges under Arms Act Sec 25 / 27. Possession and use of prohibited firearm. Accused Jitendra Shaikh, Prakash Shaikh were identified during patrolling by the night beat. Primary accused was traced on mobile 9833000076.",syndicate
KK-FIR-0066,2025-03-16,75,Uran PS,"Uran PS, Raigad (Uran / JNPT)",BNS 2023 Sec 61 (Criminal conspiracy),"Case Crime No. 0066/2025 at Uran PS, Raigad (Uran / JNPT). Offence under BNS 2023 Sec 61 (Criminal conspiracy). Complainant states that accused Mahesh Salvi demanded money and threatened consequences. Agreement to commit a scheduled offence. Statement recorded under BNSS Sec 180.",local_crime
KK-FIR-0003,2025-03-17,76,Wagle Estate PS,"Wagle Estate PS, Thane",BNS 2023 Sec 109 (Attempt to Murder); Arms Act Sec 25 / 27; MCOCA 1999 Sec 3(1)(ii),"Case Crime No. 0096/2025 registered at Wagle Estate PS on 2025-03-17. Complainant, a transport contractor, states that two persons on a motorcycle fired three rounds at his office gate at about 21:40 hrs over a disputed payment of Rs 40 lakh. Two empty cartridges of 7.65 mm were recovered from the spot. On the strength of CCTV and tower dump, accused Hanif Kadam and Arif Salvi were identified, and one country-made pistol was recovered at the instance of the former. Accused disclosed that the supari was arranged through Shirish Pawar. Vehicle used bears registration MH-04-FT-9869.",incident_c
KK-FIR-0091,2025-03-20,79,Naupada PS,"Naupada PS, Thane",Maharashtra Police Act Sec 122,"Case Crime No. 0091/2025 registered at Naupada PS, Thane on written complaint. Maharashtra Police Act Sec 122 invoked. Suspicious presence with intent to commit an offence. Accused Iqbal Shinde, Santosh More absconding; notice issued under BNSS Sec 35. Mobile 9323000307 is under technical surveillance.",local_crime
KK-FIR-0014,2025-03-21,80,APMC PS,"APMC PS, Navi Mumbai",Customs Act 1962 Sec 135,"Case Crime No. 0014/2025 registered at APMC PS, Navi Mumbai on written complaint. Customs Act 1962 Sec 135 invoked. Evasion of duty and misdeclaration of consignment. Accused Sameer Doshi, Ashok Sayyed, Mahesh Bhandari absconding; notice issued under BNSS Sec 35. Mobile 9323000048 is under technical surveillance.",syndicate
KK-FIR-0065,2025-03-21,80,Ghatkopar PS,"Ghatkopar PS, Mumbai Suburban",BNS 2023 Sec 308 (Extortion),"Case Crime No. 0065/2025 at Ghatkopar PS, Mumbai Suburban. Offence under BNS 2023 Sec 308 (Extortion). Complainant states that accused Dattatray Mehta, Vilas Khatib, Anil Tandel demanded money and threatened consequences. Demand of protection money from traders. Statement recorded under BNSS Sec 180.",syndicate
KK-FIR-0089,2025-03-21,80,Koregaon Park PS,"Koregaon Park PS, Pune",PMLA 2002 Sec 3 r/w 4,"Case Crime No. 0089/2025 at Koregaon Park PS, Pune. Offence under PMLA 2002 Sec 3 r/w 4. Complainant states that accused Balkrishna Parekh, Vinod Mehta, Shabbir Jadhav demanded money and threatened consequences. Projecting proceeds of crime as untainted. Statement recorded under BNSS Sec 180.",syndicate
KK-FIR-0027,2025-03-25,84,APMC PS,"APMC PS, Navi Mumbai","MCOCA 1999 Sec 3(1)(ii), 3(2)","Case Crime No. 0027/2025 at APMC PS, Navi Mumbai. Offence under MCOCA 1999 Sec 3(1)(ii), 3(2). Complainant states that accused Shirish More demanded money and threatened consequences. Continuing unlawful activity by an organised crime syndicate. Statement recorded under BNSS Sec 180.",local_crime
KK-FIR-0023,2025-03-27,86,Rabodi PS,"Rabodi PS, Thane",BNS 2023 Sec 61 (Criminal conspiracy),"Case Crime No. 0023/2025 registered at Rabodi PS, Thane on written complaint. BNS 2023 Sec 61 (Criminal conspiracy) invoked. Agreement to commit a scheduled offence. Accused Mahesh Bhosale, Ganesh Kadam absconding; notice issued under BNSS Sec 35. Mobile 9833000128 is under technical surveillance.",local_crime
KK-FIR-0032,2025-03-29,88,Vashi PS,"Vashi PS, Navi Mumbai",Maharashtra Police Act Sec 122,"Case Crime No. 0032/2025 registered at Vashi PS, Navi Mumbai. Charges under Maharashtra Police Act Sec 122. Suspicious presence with intent to commit an offence. Accused Vilas Shinde, Sameer Soni, Dnyaneshwar Bhandari were identified during patrolling by the night beat. Primary accused was traced on mobile 8976000055.",syndicate
KK-FIR-0054,2025-03-29,88,Nerul PS,"Nerul PS, Navi Mumbai",BNS 2023 Sec 109 (Attempt to Murder),"Case Crime No. 0054/2025 registered at Nerul PS, Navi Mumbai. Charges under BNS 2023 Sec 109 (Attempt to Murder). Firing upon a person with intent to cause death. Accused Nilesh Parekh were identified during patrolling by the night beat. Primary accused was traced on mobile 9422000024.",syndicate
KK-FIR-0051,2025-04-05,95,Vashi PS,"Vashi PS, Navi Mumbai",BNS 2023 Sec 61 (Criminal conspiracy),"Case Crime No. 0051/2025 registered at Vashi PS, Navi Mumbai on written complaint. BNS 2023 Sec 61 (Criminal conspiracy) invoked. Agreement to commit a scheduled offence. Accused Bhavesh Bhandari absconding; notice issued under BNSS Sec 35. Mobile 7045000188 is under technical surveillance.",local_crime
KK-FIR-0056,2025-04-05,95,Wagle Estate PS,"Wagle Estate PS, Thane",PMLA 2002 Sec 3 r/w 4,"Case Crime No. 0056/2025 registered at Wagle Estate PS, Thane on written complaint. PMLA 2002 Sec 3 r/w 4 invoked. Projecting proceeds of crime as untainted. Accused Shirish Parab, Iqbal Surve absconding; notice issued under BNSS Sec 35. Mobile 9833000161 is under technical surveillance.",local_crime
KK-FIR-0094,2025-04-06,96,Guhagar PS,"Guhagar PS, Ratnagiri",Customs Act 1962 Sec 135,"Case Crime No. 0094/2025 registered at Guhagar PS, Ratnagiri. Charges under Customs Act 1962 Sec 135. Evasion of duty and misdeclaration of consignment. Accused Ganesh Kadam were identified during patrolling by the night beat. Primary accused was traced on mobile 7045000127.",local_crime
KK-FIR-0038,2025-04-09,99,Vartak Nagar PS,"Vartak Nagar PS, Thane",Arms Act Sec 25 / 27,"Case Crime No. 0038/2025 registered at Vartak Nagar PS, Thane on written complaint. Arms Act Sec 25 / 27 invoked. Possession and use of prohibited firearm. Accused Sameer Koli, Santosh Thakur absconding; notice issued under BNSS Sec 35. Mobile 9323000063 is under technical surveillance.",syndicate
KK-FIR-0022,2025-04-11,101,CBD Belapur PS,"CBD Belapur PS, Navi Mumbai",Maharashtra Police Act Sec 122,"Case Crime No. 0022/2025 registered at CBD Belapur PS, Navi Mumbai. Charges under Maharashtra Police Act Sec 122. Suspicious presence with intent to commit an offence. Accused Rajan Momin, Imtiaz Shinde, Yogesh Gaikwad were identified during patrolling by the night beat. Primary accused was traced on mobile 7045000173.",local_crime
KK-FIR-0080,2025-04-12,102,Wagle Estate PS,"Wagle Estate PS, Thane",BNS 2023 Sec 109 (Attempt to Murder),"Case Crime No. 0080/2025 registered at Wagle Estate PS, Thane. Charges under BNS 2023 Sec 109 (Attempt to Murder). Firing upon a person with intent to cause death. Accused Vinod Mehta, Sameer Koli, Paresh Parekh were identified during patrolling by the night beat. Primary accused was traced on mobile 9323000043.",syndicate
KK-FIR-0008,2025-04-13,103,Wagle Estate PS,"Wagle Estate PS, Thane","NDPS Act Sec 21(c) r/w 23, 29","अपराध क्रमांक 0008/2025, थाना Wagle Estate PS, जिला Thane में पंजीकृत। अभियुक्त प्रकाश मोरे के विरुद्ध NDPS Act Sec 21(c) r/w 23, 29 के अंतर्गत कार्यवाही की गई। सूचना के आधार पर उपनिरीक्षक द्वारा मौके पर जाकर विधिक कार्यवाही पूर्ण की गई। साक्षियों के समक्ष जब्ती पंचनामा तैयार किया गया।",hindi_fir
KK-FIR-0018,2025-04-15,105,Panvel Taluka PS,"Panvel Taluka PS, Raigad (Uran / JNPT)",BNS 2023 Sec 109 (Attempt to Murder),"Case Crime No. 0018/2025 at Panvel Taluka PS, Raigad (Uran / JNPT). Offence under BNS 2023 Sec 109 (Attempt to Murder). Complainant states that accused Shabbir Jadhav, Kishor Sawant, Iqbal Mehta demanded money and threatened consequences. Firing upon a person with intent to cause death. Statement recorded under BNSS Sec 180.",syndicate
KK-FIR-0082,2025-04-15,105,Bandra PS,"Bandra PS, Mumbai Suburban",PMLA 2002 Sec 3 r/w 4,"Case Crime No. 0082/2025 registered at Bandra PS, Mumbai Suburban. Charges under PMLA 2002 Sec 3 r/w 4. Projecting proceeds of crime as untainted. Accused Ashok More, Rafiq Soni were identified during patrolling by the night beat. Primary accused was traced on mobile 9833000091.",syndicate
KK-FIR-0016,2025-04-16,106,Kurla PS,"Kurla PS, Mumbai Suburban",BNS 2023 Sec 61 (Criminal conspiracy),"Case Crime No. 0016/2025 registered at Kurla PS, Mumbai Suburban on written complaint. BNS 2023 Sec 61 (Criminal conspiracy) invoked. Agreement to commit a scheduled offence. Accused Shabbir Jadhav absconding; notice issued under BNSS Sec 35. Mobile 9930000042 is under technical surveillance.",syndicate
KK-FIR-0045,2025-04-16,106,Rabodi PS,"Rabodi PS, Thane",Maharashtra Police Act Sec 122,"Case Crime No. 0045/2025 registered at Rabodi PS, Thane on written complaint. Maharashtra Police Act Sec 122 invoked. Suspicious presence with intent to commit an offence. Accused Yogesh Bhosale absconding; notice issued under BNSS Sec 35. Mobile 9820000107 is under technical surveillance.",local_crime
KK-FIR-0069,2025-04-16,106,Faraskhana PS,"Faraskhana PS, Pune","NDPS Act Sec 21(c) r/w 23, 29","Case Crime No. 0069/2025 registered at Faraskhana PS, Pune on written complaint. NDPS Act Sec 21(c) r/w 23, 29 invoked. Commercial quantity narcotics, import and conspiracy. Accused Hanif Shah absconding; notice issued under BNSS Sec 35. Mobile 9930000353 is under technical surveillance.",local_crime
KK-FIR-0096,2025-04-17,107,Ghatkopar PS,"Ghatkopar PS, Mumbai Suburban",BNS 2023 Sec 308 (Extortion),"Case Crime No. 0096/2025 registered at Ghatkopar PS, Mumbai Suburban. Charges under BNS 2023 Sec 308 (Extortion). Demand of protection money from traders. Accused Anil Tandel, Balkrishna Shaikh were identified during patrolling by the night beat. Primary accused was traced on mobile 7045000017.",syndicate
KK-FIR-0105,2025-04-18,108,Kurla PS,"Kurla PS, Mumbai Suburban",PMLA 2002 Sec 3 r/w 4,"Case Crime No. 0105/2025 registered at Kurla PS, Mumbai Suburban. Charges under PMLA 2002 Sec 3 r/w 4. Projecting proceeds of crime as untainted. Accused Sameer Parekh, Javed Mhatre, Deepak Tandel were identified during patrolling by the night beat. Primary accused was traced on mobile 9167000167.",local_crime
KK-FIR-0044,2025-04-19,109,Dongri PS,"Dongri PS, Mumbai City",Maharashtra Police Act Sec 122,"Case Crime No. 0044/2025 registered at Dongri PS, Mumbai City. Charges under Maharashtra Police Act Sec 122. Suspicious presence with intent to commit an offence. Accused Rajan Bhosale were identified during patrolling by the night beat. Primary accused was traced on mobile 9820000202.",local_crime
KK-FIR-0088,2025-04-19,109,Dapoli PS,"Dapoli PS, Ratnagiri",BNS 2023 Sec 308 (Extortion),"Case Crime No. 0088/2025 registered at Dapoli PS, Ratnagiri. Charges under BNS 2023 Sec 308 (Extortion). Demand of protection money from traders. Accused Santosh Bhandari, Nilesh Parekh were identified during patrolling by the night beat. Primary accused was traced on mobile 9422000021.",syndicate
KK-FIR-0053,2025-04-23,113,Satpati Coastal PS,"Satpati Coastal PS, Palghar",BNS 2023 Sec 308 (Extortion),"Case Crime No. 0053/2025 registered at Satpati Coastal PS, Palghar on written complaint. BNS 2023 Sec 308 (Extortion) invoked. Demand of protection money from traders. Accused Rafiq Deshmukh, Deepak Kadam, Javed Rane absconding; notice issued under BNSS Sec 35. Mobile 8976000087 is under technical surveillance.",syndicate
KK-FIR-0099,2025-04-27,117,Dongri PS,"Dongri PS, Mumbai City",BNS 2023 Sec 308 (Extortion),"Case Crime No. 0099/2025 at Dongri PS, Mumbai City. Offence under BNS 2023 Sec 308 (Extortion). Complainant states that accused Sameer Ansari, Mahesh Dalvi demanded money and threatened consequences. Demand of protection money from traders. Statement recorded under BNSS Sec 180.",local_crime
KK-FIR-0108,2025-04-27,117,Wagle Estate PS,"Wagle Estate PS, Thane",BNS 2023 Sec 308 (Extortion),"Case Crime No. 0108/2025 at Wagle Estate PS, Thane. Offence under BNS 2023 Sec 308 (Extortion). Complainant states that accused Kishor Sawant, Mahesh Bhandari, Salim More demanded money and threatened consequences. Demand of protection money from traders. Statement recorded under BNSS Sec 180.",syndicate
KK-FIR-0035,2025-04-28,118,LT Marg PS,"LT Marg PS, Mumbai City","NDPS Act Sec 21(c) r/w 23, 29","Case Crime No. 0035/2025 registered at LT Marg PS, Mumbai City on written complaint. NDPS Act Sec 21(c) r/w 23, 29 invoked. Commercial quantity narcotics, import and conspiracy. Accused Anil Thakur absconding; notice issued under BNSS Sec 35. Mobile 9833000077 is under technical surveillance.",syndicate
KK-FIR-0039,2025-04-28,118,Satpati Coastal PS,"Satpati Coastal PS, Palghar",PMLA 2002 Sec 3 r/w 4,"Case Crime No. 0039/2025 registered at Satpati Coastal PS, Palghar. Charges under PMLA 2002 Sec 3 r/w 4. Projecting proceeds of crime as untainted. Accused Imtiaz Mehta, Kishor Sawant, Rakesh Sawant were identified during patrolling by the night beat. Primary accused was traced on mobile 8976000230.",syndicate
KK-FIR-0086,2025-04-28,118,Harnai Coastal PS,"Harnai Coastal PS, Ratnagiri",BNS 2023 Sec 109 (Attempt to Murder),"Case Crime No. 0086/2025 registered at Harnai Coastal PS, Ratnagiri. Charges under BNS 2023 Sec 109 (Attempt to Murder). Firing upon a person with intent to cause death. Accused Santosh Bhatkar were identified during patrolling by the night beat. Primary accused was traced on mobile 8976000242.",local_crime
KK-FIR-0025,2025-05-06,126,Faraskhana PS,"Faraskhana PS, Pune",BNS 2023 Sec 308 (Extortion),"Case Crime No. 0025/2025 at Faraskhana PS, Pune. Offence under BNS 2023 Sec 308 (Extortion). Complainant states that accused Rafiq Pawar demanded money and threatened consequences. Demand of protection money from traders. Statement recorded under BNSS Sec 180.",syndicate
KK-FIR-0033,2025-05-06,126,Naupada PS,"Naupada PS, Thane","NDPS Act Sec 21(c) r/w 23, 29","Case Crime No. 0033/2025 at Naupada PS, Thane. Offence under NDPS Act Sec 21(c) r/w 23, 29. Complainant states that accused Deepak Zaveri demanded money and threatened consequences. Commercial quantity narcotics, import and conspiracy. Statement recorded under BNSS Sec 180.",syndicate
KK-FIR-0040,2025-05-07,127,Nalasopara PS,"Nalasopara PS, Palghar",BNS 2023 Sec 109 (Attempt to Murder),"Case Crime No. 0040/2025 registered at Nalasopara PS, Palghar on written complaint. BNS 2023 Sec 109 (Attempt to Murder) invoked. Firing upon a person with intent to cause death. Accused Jitendra Parab absconding; notice issued under BNSS Sec 35. Mobile 8976000348 is under technical surveillance.",local_crime
KK-FIR-0076,2025-05-07,127,APMC PS,"APMC PS, Navi Mumbai",BNS 2023 Sec 109 (Attempt to Murder),"Case Crime No. 0076/2025 registered at APMC PS, Navi Mumbai. Charges under BNS 2023 Sec 109 (Attempt to Murder). Firing upon a person with intent to cause death. Accused Vinod Ansari, Salim Kulkarni, Rafiq Bhatkar were identified during patrolling by the night beat. Primary accused was traced on mobile 9930000316.",local_crime
KK-FIR-0013,2025-05-08,128,Rabodi PS,"Rabodi PS, Thane",PMLA 2002 Sec 3 r/w 4,"Case Crime No. 0013/2025 at Rabodi PS, Thane. Offence under PMLA 2002 Sec 3 r/w 4. Complainant states that accused Iqbal Patil, Rafiq Pawar demanded money and threatened consequences. Projecting proceeds of crime as untainted. Statement recorded under BNSS Sec 180.",syndicate
KK-FIR-0015,2025-05-09,129,Palghar PS,"Palghar PS, Palghar",BNS 2023 Sec 109 (Attempt to Murder),"Case Crime No. 0015/2025 registered at Palghar PS, Palghar. Charges under BNS 2023 Sec 109 (Attempt to Murder). Firing upon a person with intent to cause death. Accused Rakesh Kothari, Nilesh Mhatre, Jitendra Kadam were identified during patrolling by the night beat. Primary accused was traced on mobile 9422000155.",local_crime
KK-FIR-0019,2025-05-10,130,Rabodi PS,"Rabodi PS, Thane",PMLA 2002 Sec 3 r/w 4,"Case Crime No. 0019/2025 registered at Rabodi PS, Thane on written complaint. PMLA 2002 Sec 3 r/w 4 invoked. Projecting proceeds of crime as untainted. Accused Kishor Ansari, Rafiq Shah, Dattatray Mehta absconding; notice issued under BNSS Sec 35. Mobile 8655000005 is under technical surveillance.",syndicate
KK-FIR-0103,2025-05-10,130,Palghar PS,"Palghar PS, Palghar",Arms Act Sec 25 / 27,"Case Crime No. 0103/2025 registered at Palghar PS, Palghar. Charges under Arms Act Sec 25 / 27. Possession and use of prohibited firearm. Accused Shirish Patil, Paresh Parekh were identified during patrolling by the night beat. Primary accused was traced on mobile 9833000050.",syndicate
KK-FIR-0020,2025-05-11,131,Nalasopara PS,"Nalasopara PS, Palghar",BNS 2023 Sec 61 (Criminal conspiracy),"Case Crime No. 0020/2025 at Nalasopara PS, Palghar. Offence under BNS 2023 Sec 61 (Criminal conspiracy). Complainant states that accused Rakesh Parab, Deepak Salvi, Jitendra Parab demanded money and threatened consequences. Agreement to commit a scheduled offence. Statement recorded under BNSS Sec 180.",local_crime
KK-FIR-0064,2025-05-13,133,MRA Marg PS,"MRA Marg PS, Mumbai City",PMLA 2002 Sec 3 r/w 4,"Case Crime No. 0064/2025 registered at MRA Marg PS, Mumbai City on written complaint. PMLA 2002 Sec 3 r/w 4 invoked. Projecting proceeds of crime as untainted. Accused Deepak Zaveri, Arif Gaikwad absconding; notice issued under BNSS Sec 35. Mobile 8655000025 is under technical surveillance.",syndicate
KK-FIR-0052,2025-05-16,136,CBD Belapur PS,"CBD Belapur PS, Navi Mumbai","NDPS Act Sec 21(c) r/w 23, 29","Case Crime No. 0052/2025 registered at CBD Belapur PS, Navi Mumbai. Charges under NDPS Act Sec 21(c) r/w 23, 29. Commercial quantity narcotics, import and conspiracy. Accused Ganesh Naik were identified during patrolling by the night beat. Primary accused was traced on mobile 8976000089.",syndicate
KK-FIR-0055,2025-05-19,139,Dapoli PS,"Dapoli PS, Ratnagiri",BNS 2023 Sec 308 (Extortion),"Case Crime No. 0055/2025 registered at Dapoli PS, Ratnagiri. Charges under BNS 2023 Sec 308 (Extortion). Demand of protection money from traders. Accused Shabbir Jadhav were identified during patrolling by the night beat. Primary accused was traced on mobile 9930000042.",syndicate
KK-FIR-0010,2025-05-20,140,Wagle Estate PS,"Wagle Estate PS, Thane",Arms Act Sec 25 / 27,"Case Crime No. 0010/2025 registered at Wagle Estate PS, Thane. Charges under Arms Act Sec 25 / 27. Possession and use of prohibited firearm. Accused Iqbal Naik, Rakesh Zaveri, Dattatray Bhosale were identified during patrolling by the night beat. Primary accused was traced on mobile 9860000002.",syndicate
KK-FIR-0017,2025-05-20,140,Kurla PS,"Kurla PS, Mumbai Suburban","MCOCA 1999 Sec 3(1)(ii), 3(2)","Case Crime No. 0017/2025 registered at Kurla PS, Mumbai Suburban on written complaint. MCOCA 1999 Sec 3(1)(ii), 3(2) invoked. Continuing unlawful activity by an organised crime syndicate. Accused Sunil Parab absconding; notice issued under BNSS Sec 35. Mobile 9323000169 is under technical surveillance.",local_crime
KK-FIR-0029,2025-05-20,140,APMC PS,"APMC PS, Navi Mumbai",PMLA 2002 Sec 3 r/w 4,"Case Crime No. 0029/2025 at APMC PS, Navi Mumbai. Offence under PMLA 2002 Sec 3 r/w 4. Complainant states that accused Arif Salvi, Rakesh Gaikwad demanded money and threatened consequences. Projecting proceeds of crime as untainted. Statement recorded under BNSS Sec 180.",syndicate
KK-FIR-0047,2025-05-20,140,Dapoli PS,"Dapoli PS, Ratnagiri",PMLA 2002 Sec 3 r/w 4,"Case Crime No. 0047/2025 registered at Dapoli PS, Ratnagiri on written complaint. PMLA 2002 Sec 3 r/w 4 invoked. Projecting proceeds of crime as untainted. Accused Paresh Kothari, Shirish Soni absconding; notice issued under BNSS Sec 35. Mobile 9820000341 is under technical surveillance.",local_crime
KK-FIR-0079,2025-05-20,140,Koregaon Park PS,"Koregaon Park PS, Pune",BNS 2023 Sec 317 (Stolen property),"Case Crime No. 0079/2025 at Koregaon Park PS, Pune. Offence under BNS 2023 Sec 317 (Stolen property). Complainant states that accused Arif Gaikwad demanded money and threatened consequences. Receiving and concealing proceeds of crime. Statement recorded under BNSS Sec 180.",syndicate
KK-FIR-0007,2025-05-22,142,Khopoli PS,"Khopoli PS, Raigad (Uran / JNPT)",BNS 2023 Sec 61 (Criminal conspiracy),"अपराध क्रमांक 0007/2025, थाना Khopoli PS, जिला Raigad (Uran / JNPT) में पंजीकृत। अभियुक्त गणेश जाधव के विरुद्ध BNS 2023 Sec 61 (Criminal conspiracy) के अंतर्गत कार्यवाही की गई। सूचना के आधार पर उपनिरीक्षक द्वारा मौके पर जाकर विधिक कार्यवाही पूर्ण की गई। साक्षियों के समक्ष जब्ती पंचनामा तैयार किया गया।",hindi_fir
KK-FIR-0070,2025-05-27,147,Uran PS,"Uran PS, Raigad (Uran / JNPT)",PMLA 2002 Sec 3 r/w 4,"Case Crime No. 0070/2025 registered at Uran PS, Raigad (Uran / JNPT). Charges under PMLA 2002 Sec 3 r/w 4. Projecting proceeds of crime as untainted. Accused Yogesh Kadam, Shirish Chavan were identified during patrolling by the night beat. Primary accused was traced on mobile 7045000011.",syndicate
KK-FIR-0102,2025-05-28,148,Pydhonie PS,"Pydhonie PS, Mumbai City","MCOCA 1999 Sec 3(1)(ii), 3(2)","Case Crime No. 0102/2025 registered at Pydhonie PS, Mumbai City on written complaint. MCOCA 1999 Sec 3(1)(ii), 3(2) invoked. Continuing unlawful activity by an organised crime syndicate. Accused Dattatray Patil, Shirish Patil, Vinod Mehta absconding; notice issued under BNSS Sec 35. Mobile 9833000058 is under technical surveillance.",syndicate
KK-FIR-0114,2025-05-28,148,Satpati Coastal PS,"Satpati Coastal PS, Palghar",Maharashtra Police Act Sec 122,"Case Crime No. 0114/2025 registered at Satpati Coastal PS, Palghar on written complaint. Maharashtra Police Act Sec 122 invoked. Suspicious presence with intent to commit an offence. Accused Iqbal Mehta absconding; notice issued under BNSS Sec 35. Mobile 9820000038 is under technical surveillance.",syndicate
KK-FIR-0041,2025-05-29,149,LT Marg PS,"LT Marg PS, Mumbai City",PMLA 2002 Sec 3 r/w 4,"Case Crime No. 0041/2025 registered at LT Marg PS, Mumbai City on written complaint. PMLA 2002 Sec 3 r/w 4 invoked. Projecting proceeds of crime as untainted. Accused Arif Salvi, Vinod Deshmukh absconding; notice issued under BNSS Sec 35. Mobile 9833000071 is under technical surveillance.",syndicate
KK-FIR-0101,2025-05-29,149,Pydhonie PS,"Pydhonie PS, Mumbai City","MCOCA 1999 Sec 3(1)(ii), 3(2)","Case Crime No. 0101/2025 registered at Pydhonie PS, Mumbai City on written complaint. MCOCA 1999 Sec 3(1)(ii), 3(2) invoked. Continuing unlawful activity by an organised crime syndicate. Accused Anil Chavan, Anil Tandel, Iqbal Naik absconding; notice issued under BNSS Sec 35. Mobile 8655000031 is under technical surveillance.",syndicate
KK-FIR-0087,2025-05-30,150,Vartak Nagar PS,"Vartak Nagar PS, Thane","MCOCA 1999 Sec 3(1)(ii), 3(2)","Case Crime No. 0087/2025 registered at Vartak Nagar PS, Thane on written complaint. MCOCA 1999 Sec 3(1)(ii), 3(2) invoked. Continuing unlawful activity by an organised crime syndicate. Accused Prakash Shaikh absconding; notice issued under BNSS Sec 35. Mobile 9820000085 is under technical surveillance.",syndicate
KK-FIR-0031,2025-05-31,151,Bandra PS,"Bandra PS, Mumbai Suburban",BNS 2023 Sec 308 (Extortion),"Case Crime No. 0031/2025 at Bandra PS, Mumbai Suburban. Offence under BNS 2023 Sec 308 (Extortion). Complainant states that accused Sunil Bhandari, Shabbir Surve demanded money and threatened consequences. Demand of protection money from traders. Statement recorded under BNSS Sec 180.",local_crime
KK-FIR-0111,2025-06-02,153,Nhava Sheva Port PS,"Nhava Sheva Port PS, Raigad (Uran / JNPT)",Arms Act Sec 25 / 27,"Case Crime No. 0111/2025 registered at Nhava Sheva Port PS, Raigad (Uran / JNPT) on written complaint. Arms Act Sec 25 / 27 invoked. Possession and use of prohibited firearm. Accused Rajan Sanghvi, Prakash Koli, Jitendra Shaikh absconding; notice issued under BNSS Sec 35. Mobile 9820000093 is under technical surveillance.",syndicate
KK-FIR-0042,2025-06-04,155,Palghar PS,"Palghar PS, Palghar",BNS 2023 Sec 61 (Criminal conspiracy),"Case Crime No. 0042/2025 registered at Palghar PS, Palghar on written complaint. BNS 2023 Sec 61 (Criminal conspiracy) invoked. Agreement to commit a scheduled offence. Accused Imtiaz Bhatkar, Iqbal Naik absconding; notice issued under BNSS Sec 35. Mobile 8976000261 is under technical surveillance.",syndicate
KK-FIR-0110,2025-06-04,155,Dapoli PS,"Dapoli PS, Ratnagiri","MCOCA 1999 Sec 3(1)(ii), 3(2)","Case Crime No. 0110/2025 registered at Dapoli PS, Ratnagiri. Charges under MCOCA 1999 Sec 3(1)(ii), 3(2). Continuing unlawful activity by an organised crime syndicate. Accused Umesh Sawant, Ravindra Zaveri, Prakash Doshi were identified during patrolling by the night beat. Primary accused was traced on mobile 9833000420.",local_crime
KK-FIR-0075,2025-06-05,156,Vasai PS,"Vasai PS, Palghar",BNS 2023 Sec 308 (Extortion),"Case Crime No. 0075/2025 at Vasai PS, Palghar. Offence under BNS 2023 Sec 308 (Extortion). Complainant states that accused Deepak Zaveri, Dattatray Soni demanded money and threatened consequences. Demand of protection money from traders. Statement recorded under BNSS Sec 180.",syndicate
KK-FIR-0112,2025-06-05,156,Wagle Estate PS,"Wagle Estate PS, Thane",PMLA 2002 Sec 3 r/w 4,"Case Crime No. 0112/2025 registered at Wagle Estate PS, Thane. Charges under PMLA 2002 Sec 3 r/w 4. Projecting proceeds of crime as untainted. Accused Sameer Kulkarni were identified during patrolling by the night beat. Primary accused was traced on mobile 9422000028.",syndicate
KK-FIR-0028,2025-06-06,157,Khopoli PS,"Khopoli PS, Raigad (Uran / JNPT)",BNS 2023 Sec 61 (Criminal conspiracy),"Case Crime No. 0028/2025 registered at Khopoli PS, Raigad (Uran / JNPT) on written complaint. BNS 2023 Sec 61 (Criminal conspiracy) invoked. Agreement to commit a scheduled offence. Accused Kishor Pawar absconding; notice issued under BNSS Sec 35. Mobile 9167000004 is under technical surveillance.",syndicate
KK-FIR-0085,2025-06-06,157,Bund Garden PS,"Bund Garden PS, Pune",BNS 2023 Sec 61 (Criminal conspiracy),"Case Crime No. 0085/2025 at Bund Garden PS, Pune. Offence under BNS 2023 Sec 61 (Criminal conspiracy). Complainant states that accused Arif Gaikwad, Shirish Chavan demanded money and threatened consequences. Agreement to commit a scheduled offence. Statement recorded under BNSS Sec 180.",syndicate
KK-FIR-0100,2025-06-10,161,Kurla PS,"Kurla PS, Mumbai Suburban","NDPS Act Sec 21(c) r/w 23, 29","Case Crime No. 0100/2025 registered at Kurla PS, Mumbai Suburban. Charges under NDPS Act Sec 21(c) r/w 23, 29. Commercial quantity narcotics, import and conspiracy. Accused Paresh Zaveri, Nilesh Bhatkar were identified during patrolling by the night beat. Primary accused was traced on mobile 9820000414.",local_crime
KK-FIR-0006,2025-06-13,164,Ratnagiri City PS,"Ratnagiri City PS, Ratnagiri",Maharashtra Police Act Sec 122,"अपराध क्रमांक 0006/2025, थाना Ratnagiri City PS, जिला Ratnagiri में पंजीकृत। अभियुक्त इम्तियाज़ शेख के विरुद्ध Maharashtra Police Act Sec 122 के अंतर्गत कार्यवाही की गई। सूचना के आधार पर उपनिरीक्षक द्वारा मौके पर जाकर विधिक कार्यवाही पूर्ण की गई। साक्षियों के समक्ष जब्ती पंचनामा तैयार किया गया।",hindi_fir
KK-FIR-0116,2025-06-13,164,Satpati Coastal PS,"Satpati Coastal PS, Palghar",Customs Act 1962 Sec 135,"Case Crime No. 0116/2025 registered at Satpati Coastal PS, Palghar on written complaint. Customs Act 1962 Sec 135 invoked. Evasion of duty and misdeclaration of consignment. Accused Iqbal Naik absconding; notice issued under BNSS Sec 35. Mobile 9860000002 is under technical surveillance.",syndicate
KK-FIR-0083,2025-06-15,166,Harnai Coastal PS,"Harnai Coastal PS, Ratnagiri",Arms Act Sec 25 / 27,"Case Crime No. 0083/2025 at Harnai Coastal PS, Ratnagiri. Offence under Arms Act Sec 25 / 27. Complainant states that accused Santosh Bhandari demanded money and threatened consequences. Possession and use of prohibited firearm. Statement recorded under BNSS Sec 180.",syndicate
KK-FIR-0117,2025-06-20,171,APMC PS,"APMC PS, Navi Mumbai",PMLA 2002 Sec 3 r/w 4,"Case Crime No. 0117/2025 registered at APMC PS, Navi Mumbai. Charges under PMLA 2002 Sec 3 r/w 4. Projecting proceeds of crime as untainted. Accused Prakash Bhosale, Umesh Shaikh were identified during patrolling by the night beat. Primary accused was traced on mobile 9323000074.",syndicate
KK-FIR-0074,2025-06-21,172,MRA Marg PS,"MRA Marg PS, Mumbai City",PMLA 2002 Sec 3 r/w 4,"Case Crime No. 0074/2025 registered at MRA Marg PS, Mumbai City. Charges under PMLA 2002 Sec 3 r/w 4. Projecting proceeds of crime as untainted. Accused Ravindra Bhosale, Kishor Sanghvi were identified during patrolling by the night beat. Primary accused was traced on mobile 9323000039.",syndicate
KK-FIR-0106,2025-06-23,174,LT Marg PS,"LT Marg PS, Mumbai City",BNS 2023 Sec 61 (Criminal conspiracy),"Case Crime No. 0106/2025 registered at LT Marg PS, Mumbai City on written complaint. BNS 2023 Sec 61 (Criminal conspiracy) invoked. Agreement to commit a scheduled offence. Accused Shirish Pawar absconding; notice issued under BNSS Sec 35. Mobile 8976000067 is under technical surveillance.",syndicate
KK-FIR-0034,2025-06-25,176,APMC PS,"APMC PS, Navi Mumbai",PMLA 2002 Sec 3 r/w 4,"Case Crime No. 0034/2025 registered at APMC PS, Navi Mumbai. Charges under PMLA 2002 Sec 3 r/w 4. Projecting proceeds of crime as untainted. Accused Arif Kadam, Dnyaneshwar Parab, Iqbal Naik were identified during patrolling by the night beat. Primary accused was traced on mobile 9323000097.",syndicate
KK-FIR-0060,2025-06-26,177,Harnai Coastal PS,"Harnai Coastal PS, Ratnagiri",Arms Act Sec 25 / 27,"Case Crime No. 0060/2025 at Harnai Coastal PS, Ratnagiri. Offence under Arms Act Sec 25 / 27. Complainant states that accused Santosh Bhandari demanded money and threatened consequences. Possession and use of prohibited firearm. Statement recorded under BNSS Sec 180.",syndicate
KK-FIR-0058,2025-06-27,178,MRA Marg PS,"MRA Marg PS, Mumbai City",BNS 2023 Sec 317 (Stolen property),"Case Crime No. 0058/2025 at MRA Marg PS, Mumbai City. Offence under BNS 2023 Sec 317 (Stolen property). Complainant states that accused Paresh Deshmukh, Mangesh Thakur demanded money and threatened consequences. Receiving and concealing proceeds of crime. Statement recorded under BNSS Sec 180.",local_crime
KK-FIR-0113,2025-06-27,178,Faraskhana PS,"Faraskhana PS, Pune",BNS 2023 Sec 109 (Attempt to Murder),"Case Crime No. 0113/2025 registered at Faraskhana PS, Pune on written complaint. BNS 2023 Sec 109 (Attempt to Murder) invoked. Firing upon a person with intent to cause death. Accused Anil Tandel absconding; notice issued under BNSS Sec 35. Mobile 8655000014 is under technical surveillance.",syndicate
KK-FIR-0084,2025-06-28,179,Harnai Coastal PS,"Harnai Coastal PS, Ratnagiri",Maharashtra Police Act Sec 122,"Case Crime No. 0084/2025 registered at Harnai Coastal PS, Ratnagiri on written complaint. Maharashtra Police Act Sec 122 invoked. Suspicious presence with intent to commit an offence. Accused Anil Thakur, Mahesh Ansari, Shabbir Zaveri absconding; notice issued under BNSS Sec 35. Mobile 9833000077 is under technical surveillance.",syndicate
KK-FIR-0061,2025-06-29,180,CBD Belapur PS,"CBD Belapur PS, Navi Mumbai","MCOCA 1999 Sec 3(1)(ii), 3(2)","Case Crime No. 0061/2025 at CBD Belapur PS, Navi Mumbai. Offence under MCOCA 1999 Sec 3(1)(ii), 3(2). Complainant states that accused Nitin Koli demanded money and threatened consequences. Continuing unlawful activity by an organised crime syndicate. Statement recorded under BNSS Sec 180.",local_crime
